iter,hmac
0,18039
1,18038
2,18038
3,18038
4,18038
5,18038
6,18038
7,18038
8,18038
9,18038
10,18038
11,18038
12,18038
13,18038
14,18038
15,18038
16,18038
17,18038
18,18038
19,18038
20,18038
21,18038
22,18038
23,18038
24,18038
25,18038
26,18038
27,18038
28,18038
29,18038
30,18038
31,18038
32,18038
33,18038
34,18038
35,18038
36,18038
37,18038
38,18038
39,18038
40,18038
41,18038
42,18038
43,18038
44,18038
45,18038
46,18038
47,18038
48,18038
49,18038
50,18038
51,18038
52,18038
53,18038
54,18038
55,18038
56,18038
57,18038
58,18038
59,18038
60,18038
61,18038
62,18038
63,18038
64,18038
65,18038
66,18038
67,18038
68,18038
69,18038
70,18038
71,18038
72,18038
73,18038
74,18038
75,18038
76,18038
77,18038
78,18038
79,18038
80,18038
81,18038
82,18038
83,18038
84,18038
85,18038
86,18038
87,18038
88,18038
89,18038
90,18038
91,18038
92,18038
93,18038
94,18038
95,18038
96,18038
97,18038
98,18038
99,18038
100,18038
101,18038
102,18038
103,18038
104,18038
105,18038
106,18038
107,18038
108,18038
109,18038
110,18038
111,18038
112,18038
113,18038
114,18038
115,18038
116,18038
117,18038
118,18038
119,18038
120,18038
121,18038
122,18038
123,18038
124,18038
125,18038
126,18038
127,18038
128,18038
129,18038
130,18038
131,18038
132,18038
133,18038
134,18038
135,18038
136,18038
137,18038
138,18038
139,18038
140,18038
141,18038
142,18038
143,18038
144,18038
145,18038
146,18038
147,18038
148,18038
149,18038
150,18038
151,18038
152,18038
153,18038
154,18038
155,18038
156,18038
157,18038
158,18038
159,18038
160,18038
161,18038
162,18038
163,18038
164,18038
165,18038
166,18038
167,18038
168,18038
169,18038
170,18038
171,18038
172,18038
173,18038
174,18038
175,18038
176,18038
177,18038
178,18038
179,18038
180,18038
181,18038
182,18038
183,18038
184,18038
185,18038
186,18038
187,18038
188,18038
189,18038
190,18038
191,18038
192,18038
193,18038
194,18038
195,18038
196,18038
197,18038
198,18038
199,18038
200,18038
201,18038
202,18038
203,18038
204,18038
205,18038
206,18038
207,18038
208,18038
209,18038
210,18038
211,18038
212,18038
213,18038
214,18038
215,18038
216,18038
217,18038
218,18038
219,18038
220,18038
221,18038
222,18038
223,18038
224,18038
225,18038
226,18038
227,18038
228,18038
229,18038
230,18038
231,18038
232,18038
233,18038
234,18038
235,18038
236,18038
237,18038
238,18038
239,18038
240,18038
241,18038
242,18038
243,18038
244,18038
245,18038
246,18038
247,18038
248,18038
249,18038
250,18038
251,18038
252,18038
253,18038
254,18038
255,18038
256,18038
257,18038
258,18038
259,18038
260,18038
261,18038
262,18038
263,18038
264,18038
265,18038
266,18038
267,18038
268,18038
269,18038
270,18038
271,18038
272,18038
273,18038
274,18038
275,18038
276,18038
277,18038
278,18038
279,18038
280,18038
281,18038
282,18038
283,18038
284,18038
285,18038
286,18038
287,18038
288,18038
289,18038
290,18038
291,18038
292,18038
293,18038
294,18038
295,18038
296,18038
297,18038
298,18038
299,18038
300,18038
301,18038
302,18038
303,18038
304,18038
305,18038
306,18038
307,18038
308,18038
309,18038
310,18038
311,18038
312,18038
313,18038
314,18038
315,18038
316,18038
317,18038
318,18038
319,18038
320,18038
321,18038
322,18038
323,18038
324,18038
325,18038
326,18038
327,18038
328,18038
329,18038
330,18038
331,18038
332,18038
333,18038
334,18038
335,18038
336,18038
337,18038
338,18038
339,18038
340,18038
341,18038
342,18038
343,18038
344,18038
345,18038
346,18038
347,18038
348,18038
349,18038
350,18038
351,18038
352,18038
353,18038
354,18038
355,18038
356,18038
357,18038
358,18038
359,18038
360,18038
361,18038
362,18038
363,18038
364,18038
365,18038
366,18038
367,18038
368,18038
369,18038
370,18038
371,18038
372,18038
373,18038
374,18038
375,18038
376,18038
377,18038
378,18038
379,18038
380,18038
381,18038
382,18038
383,18038
384,18038
385,18038
386,18038
387,18038
388,18038
389,18038
390,18038
391,18038
392,18038
393,18038
394,18038
395,18038
396,18038
397,18038
398,18038
399,18038
400,18038
401,18038
402,18038
403,18038
404,18038
405,18038
406,18038
407,18038
408,18038
409,18038
410,18038
411,18038
412,18038
413,18038
414,18038
415,18038
416,18038
417,18038
418,18038
419,18038
420,18038
421,18038
422,18038
423,18038
424,18038
425,18038
426,18038
427,18038
428,18038
429,18038
430,18038
431,18038
432,18038
433,18038
434,18038
435,18038
436,18038
437,18038
438,18038
439,18038
440,18038
441,18038
442,18038
443,18038
444,18038
445,18038
446,18038
447,18038
448,18038
449,18038
450,18038
451,18038
452,18038
453,18038
454,18038
455,18038
456,18038
457,18038
458,18038
459,18038
460,18038
461,18038
462,18038
463,18038
464,18038
465,18038
466,18038
467,18038
468,18038
469,18038
470,18038
471,18038
472,18038
473,18038
474,18038
475,18038
476,18038
477,18038
478,18038
479,18038
480,18038
481,18038
482,18038
483,18038
484,18038
485,18038
486,18038
487,18038
488,18038
489,18038
490,18038
491,18038
492,18038
493,18038
494,18038
495,18038
496,18038
497,18038
498,18038
499,18038
500,18038
501,18038
502,18038
503,18038
504,18038
505,18038
506,18038
507,18038
508,18038
509,18038
510,18038
511,18038
512,18038
513,18038
514,18038
515,18038
516,18038
517,18038
518,18038
519,18038
520,18038
521,18038
522,18038
523,18038
524,18038
525,18038
526,18038
527,18038
528,18038
529,18038
530,18038
531,18038
532,18038
533,18038
534,18038
535,18038
536,18038
537,18038
538,18038
539,18038
540,18038
541,18038
542,18038
543,18038
544,18038
545,18038
546,18038
547,18038
548,18038
549,18038
550,18038
551,18038
552,18038
553,18038
554,18038
555,18038
556,18038
557,18038
558,18038
559,18038
560,18038
561,18038
562,18038
563,18038
564,18038
565,18038
566,18038
567,18038
568,18038
569,18038
570,18038
571,18038
572,18038
573,18038
574,18038
575,18038
576,18038
577,18038
578,18038
579,18038
580,18038
581,18038
582,18038
583,18038
584,18038
585,18038
586,18038
587,18038
588,18038
589,18038
590,18038
591,18038
592,18038
593,18038
594,18038
595,18038
596,18038
597,18038
598,18038
599,18038
600,18038
601,18038
602,18038
603,18038
604,18038
605,18038
606,18038
607,18038
608,18038
609,18038
610,18038
611,18038
612,18038
613,18038
614,18038
615,18038
616,18038
617,18038
618,18038
619,18038
620,18038
621,18038
622,18038
623,18038
624,18038
625,18038
626,18038
627,18038
628,18038
629,18038
630,18038
631,18038
632,18038
633,18038
634,18038
635,18038
636,18038
637,18038
638,18038
639,18038
640,18038
641,18038
642,18038
643,18038
644,18038
645,18038
646,18038
647,18038
648,18038
649,18038
650,18038
651,18038
652,18038
653,18038
654,18038
655,18038
656,18038
657,18038
658,18038
659,18038
660,18038
661,18038
662,18038
663,18038
664,18038
665,18038
666,18038
667,18038
668,18038
669,18038
670,18038
671,18038
672,18038
673,18038
674,18038
675,18038
676,18038
677,18038
678,18038
679,18038
680,18038
681,18038
682,18038
683,18038
684,18038
685,18038
686,18038
687,18038
688,18038
689,18038
690,18038
691,18038
692,18038
693,18038
694,18038
695,18038
696,18038
697,18038
698,18038
699,18038
700,18038
701,18038
702,18038
703,18038
704,18038
705,18038
706,18038
707,18038
708,18038
709,18038
710,18038
711,18038
712,18038
713,18038
714,18038
715,18038
716,18038
717,18038
718,18038
719,18038
720,18038
721,18038
722,18091
723,18038
724,18038
725,18038
726,18038
727,18038
728,18038
729,18038
730,18038
731,18038
732,18038
733,18038
734,18038
735,18038
736,18038
737,18038
738,18038
739,18038
740,18038
741,18038
742,18038
743,18038
744,18038
745,18038
746,18038
747,18038
748,18038
749,18038
750,18038
751,18038
752,18038
753,18038
754,18038
755,18038
756,18038
757,18038
758,18038
759,18038
760,18038
761,18038
762,18038
763,18038
764,18038
765,18038
766,18038
767,18038
768,18038
769,18038
770,18038
771,18038
772,18038
773,18038
774,18038
775,18038
776,18038
777,18038
778,18038
779,18038
780,18038
781,18038
782,18038
783,18038
784,18038
785,18038
786,18038
787,18038
788,18038
789,18038
790,18038
791,18038
792,18038
793,18038
794,18038
795,18038
796,18038
797,18038
798,18038
799,18038
800,18038
801,18038
802,18038
803,18038
804,18038
805,18038
806,18038
807,18038
808,18038
809,18038
810,18038
811,18038
812,18038
813,18038
814,18038
815,18038
816,18038
817,18038
818,18038
819,18038
820,18038
821,18038
822,18038
823,18038
824,18038
825,18038
826,18038
827,18038
828,18038
829,18038
830,18038
831,18038
832,18038
833,18038
834,18038
835,18038
836,18038
837,18038
838,18038
839,18038
840,18038
841,18038
842,18038
843,18038
844,18038
845,18038
846,18038
847,18038
848,18038
849,18038
850,18038
851,18038
852,18038
853,18038
854,18038
855,18038
856,18038
857,18038
858,18038
859,18038
860,18038
861,18038
862,18038
863,18038
864,18038
865,18038
866,18038
867,18038
868,18038
869,18038
870,18038
871,18038
872,18038
873,18038
874,18038
875,18038
876,18038
877,18038
878,18038
879,18038
880,18038
881,18038
882,18038
883,18038
884,18038
885,18038
886,18038
887,18038
888,18038
889,18038
890,18038
891,18038
892,18038
893,18038
894,18038
895,18038
896,18038
897,18038
898,18038
899,18038
900,18038
901,18038
902,18038
903,18038
904,18038
905,18038
906,18038
907,18038
908,18038
909,18038
910,18038
911,18038
912,18038
913,18038
914,18038
915,18038
916,18038
917,18038
918,18038
919,18038
920,18038
921,18038
922,18038
923,18038
924,18038
925,18038
926,18038
927,18038
928,18038
929,18038
930,18038
931,18038
932,18038
933,18038
934,18038
935,18038
936,18038
937,18038
938,18038
939,18038
940,18038
941,18038
942,18038
943,18038
944,18038
945,18038
946,18038
947,18038
948,18038
949,18038
950,18038
951,18038
952,18038
953,18038
954,18038
955,18038
956,18038
957,18038
958,18038
959,18038
960,18038
961,18038
962,18038
963,18038
964,18038
965,18038
966,18038
967,18038
968,18038
969,18038
970,18038
971,18038
972,18038
973,18038
974,18038
975,18038
976,18038
977,18038
978,18038
979,18038
980,18038
981,18038
982,18038
983,18038
984,18038
985,18038
986,18038
987,18038
988,18038
989,18038
990,18038
991,18038
992,18038
993,18038
994,18038
995,18038
996,18038
997,18038
998,18038
999,18038
