iter,keypair,encaps,decaps
0,732756,719672,773866
1,731954,714669,773712
2,731920,719585,773755
3,731542,714340,773253
4,731484,719204,773167
5,731807,714561,773687
6,731278,718984,773078
7,731844,714602,773526
8,732044,719713,773903
9,731672,714294,773466
10,731870,719591,773739
11,730959,713748,772892
12,732071,719721,773881
13,732509,715045,774311
14,731970,719678,773838
15,731595,714238,773270
16,731474,719011,773249
17,731898,714542,773654
18,754494,741918,796267
19,731344,713928,773224
20,731687,719161,773441
21,731866,714723,773776
22,732063,719710,774038
23,731994,714649,773920
24,731396,719150,773254
25,731465,714209,773354
26,731149,719060,772974
27,731360,713866,772952
28,731349,718968,773090
29,731796,714525,773618
30,731520,719237,773296
31,754688,737390,796452
32,732002,719596,773897
33,732412,715169,774349
34,731833,719325,773552
35,731095,713703,772881
36,731960,719421,773672
37,731874,714558,773795
38,731818,719503,773758
39,731227,714096,773140
40,731887,719459,773564
41,731685,714552,773761
42,732373,719843,774251
43,731513,714277,773351
44,731757,719360,773584
45,732563,715218,774320
46,731410,719063,773380
47,731565,714350,773222
48,731860,719345,773545
49,731539,714239,773287
50,731721,719542,773713
51,732193,714822,773912
52,732259,719767,774053
53,731636,714398,773510
54,731962,719552,773915
55,731453,714138,773269
56,731801,719301,773581
57,731264,714118,773236
58,731352,718877,773274
59,731756,714588,773756
60,731262,718873,773095
61,731973,714761,773905
62,731121,718755,772805
63,731813,714463,773685
64,731998,719415,773835
65,731973,714789,773894
66,731733,719294,773382
67,731664,714241,773559
68,732211,719962,774274
69,730950,713641,772878
70,732297,719898,774009
71,754488,737025,796138
72,731657,719448,773478
73,731871,714845,773972
74,732045,719724,774036
75,731473,714279,773284
76,730695,718355,772546
77,731580,714394,773533
78,730870,718485,772761
79,731015,714072,773014
80,732251,719733,774100
81,732952,715715,774871
82,732190,719723,774042
83,731225,714092,773063
84,731640,719228,773362
85,732015,714813,773919
86,732238,719711,773827
87,731108,713840,772920
88,732484,719931,774229
89,731764,714509,773583
90,731955,719346,773574
91,731764,714649,773535
92,731188,718841,772993
93,731209,714112,773130
94,731515,719219,773399
95,731098,713879,772985
96,731694,719282,773520
97,731620,714362,773547
98,732011,719593,773784
99,732394,715207,774159
